name,pos_count_all,pos_percent_all
is_male,138528,0.4026906507444637
1dAVb,5699,0.0165665715132875
RBBB,9652,0.0280576501572646
LBBB,6011,0.0174735324383877
SB,5588,0.0162439027226269
ST,7571,0.0220083370638884
AF,7008,0.0203717377022493
normal_ecg,134497,0.3909728318692115
